<?xml version="1.0" encoding="UTF-8"?>
<project-private xmlns="http://www.netbeans.org/ns/project-private/1">
    <editor-bookmarks xmlns="http://www.netbeans.org/ns/editor-bookmarks/2" lastBookmarkId="0"/>
    <open-files xmlns="http://www.netbeans.org/ns/projectui-open-files/2">
        <group>
            <file>file:/C:/Users/dell/Documents/NetBeansProjects/BancaElectronica/src/com/gs/sistemas/curso/be/modelos/Banco.java</file>
            <file>file:/C:/Users/dell/Documents/NetBeansProjects/BancaElectronica/src/com/gs/sistemas/curso/be/modelos/Cliente.java</file>
            <file>file:/C:/Users/dell/Documents/NetBeansProjects/BancaElectronica/src/com/gs/sistemas/curso/be/interfaces/ServicioAClientes.java</file>
            <file>file:/C:/Users/dell/Documents/NetBeansProjects/BancaElectronica/src/com/gs/sistemas/curso/be/interfaces/ServicioAEmpleados.java</file>
            <file>file:/C:/Users/dell/Documents/NetBeansProjects/BancaElectronica/src/com/gs/sistemas/curso/be/utilerias/Estado.java</file>
            <file>file:/C:/Users/dell/Documents/NetBeansProjects/BancaElectronica/src/com/gs/sistemas/curso/be/Main.java</file>
        </group>
    </open-files>
</project-private>
